Group Number,Mode,Type,Response ID,Mongo ID,Session ID,Interviewer Name,Interviewer Member ID,Survey Name,Start Time,End Time,Duration (seconds),Status,Call ID,Audio URL,Audio Duration,Audio File Size,Latitude,Longitude,Response Count,Created At,Time Difference (ms)
1,CAPI,ORIGINAL,2febef52-0c0c-458b-9767-7d801e11305a,69547ee035848a045ada911e,b522f41c-d24c-469b-be93-9680b8b6b5d8,"6942c41ffe90bbe7745e0029",N/A,"68fd1915d41841da463f0d46",2025-12-30T10:13:49.297Z,2025-12-30T10:18:22.957Z,273,Rejected,,audio/interviews/2025/12/74e780f0-28be-4c09-b32d-48f6fd8da7d7_1767105631083_interview_74e780f0-28be-4c09-b32d-48f6fd8da7d7_1767105631082.m4a,273,0,22.2058195,87.257693,27,2025-12-31T01:39:44.588Z,
1,CAPI,DUPLICATE,e4bafea6-caf1-40ae-9a9e-4ab41a3e5649,6954c129d75ef67a89b97b87,e06d5787-15de-499c-a02e-787694037960,"6942c41ffe90bbe7745e0029",N/A,"68fd1915d41841da463f0d46",2025-12-30T10:13:49.297Z,2025-12-30T10:18:22.957Z,273,Rejected,,audio/interviews/2025/12/74e780f0-28be-4c09-b32d-48f6fd8da7d7_1767105631083_interview_74e780f0-28be-4c09-b32d-48f6fd8da7d7_1767105631082.m4a,273,0,22.2058195,87.257693,27,2025-12-31T06:22:33.527Z,0
2,CAPI,ORIGINAL,8147169a-c2fa-4fc6-8333-f81924f40d11,695485ef385678627db6c769,8909e9d5-80a4-483b-a7fb-544c1a2173f7,"6946954efebe46d918de7f35",N/A,"68fd1915d41841da463f0d46",2025-12-30T10:38:52.214Z,2025-12-30T10:43:06.148Z,253,Rejected,,audio/interviews/2025/12/ba7d3f23-b3a8-4e24-8810-f5bab34bc3ed_1767091779079_interview_ba7d3f23-b3a8-4e24-8810-f5bab34bc3ed_1767091778697.m4a,253,0,22.8432583,87.0528198,27,2025-12-31T02:09:51.565Z,
2,CAPI,DUPLICATE,4cabbb9d-5478-492f-b1fb-8f8126c9f042,6954be5a3ca0de7f34a502c6,b01e13b4-a7b0-4838-8543-75495e476ac5,"6946954efebe46d918de7f35",N/A,"68fd1915d41841da463f0d46",2025-12-30T10:38:52.214Z,2025-12-30T10:43:06.148Z,253,Rejected,,audio/interviews/2025/12/ba7d3f23-b3a8-4e24-8810-f5bab34bc3ed_1767091779079_interview_ba7d3f23-b3a8-4e24-8810-f5bab34bc3ed_1767091778697.m4a,253,0,22.8432583,87.0528198,27,2025-12-31T06:10:34.205Z,0
3,CAPI,ORIGINAL,470d82f1-f92b-4cd0-9a3a-7c689861284d,6954907f1058c90b16170467,deb0103f-0d6e-4c24-ba48-5a42741e61b8,"694433f156275b9dd8347f64",N/A,"68fd1915d41841da463f0d46",2025-12-26T06:48:10.534Z,2025-12-26T06:54:18.071Z,367,Rejected,,audio/interviews/2025/12/1666195f-5344-46d2-82a4-bb12f2083c58_1766733019909_interview_1666195f-5344-46d2-82a4-bb12f2083c58_1766733019909.m4a,367,0,22.795742,88.3710693,27,2025-12-31T02:54:55.039Z,
3,CAPI,DUPLICATE,860cfb66-f0b0-462a-a313-8841c80883bb,6954bf2d613f4d1e120d5cd8,054d93aa-2ab7-47e0-a6cb-38b4142a87dd,"694433f156275b9dd8347f64",N/A,"68fd1915d41841da463f0d46",2025-12-26T06:48:10.534Z,2025-12-26T06:54:18.071Z,367,Pending_Approval,,audio/interviews/2025/12/1666195f-5344-46d2-82a4-bb12f2083c58_1766733019909_interview_1666195f-5344-46d2-82a4-bb12f2083c58_1766733019909.m4a,367,0,22.795742,88.3710693,27,2025-12-31T06:14:05.964Z,0
3,CAPI,DUPLICATE,7f928ee1-8d9e-491c-afbc-e350e200a4d9,6954c5233ee3f879ab5e5cf0,eccb0c1d-671f-4218-ab51-0dd9cec41bc1,"694433f156275b9dd8347f64",N/A,"68fd1915d41841da463f0d46",2025-12-26T06:48:10.534Z,2025-12-26T06:54:18.071Z,367,Rejected,,audio/interviews/2025/12/1666195f-5344-46d2-82a4-bb12f2083c58_1766733019909_interview_1666195f-5344-46d2-82a4-bb12f2083c58_1766733019909.m4a,367,0,22.795742,88.3710693,27,2025-12-31T06:39:31.632Z,0
4,CAPI,ORIGINAL,671e73c9-e94e-459e-ac6f-0aaefd604325,6954b8a40040c2eacfab2284,a317e23e-929b-44c0-a851-09fe6dc70e6d,"694433f156275b9dd8347f64",N/A,"68fd1915d41841da463f0d46",2025-12-27T06:44:01.839Z,2025-12-27T06:49:02.622Z,300,Rejected,,audio/interviews/2025/12/fe351841-e3ab-4517-b2b0-a7c57da7df8f_1766890981703_interview_fe351841-e3ab-4517-b2b0-a7c57da7df8f_1766890981703.m4a,300,0,22.7756296,88.3969169,25,2025-12-31T05:46:12.337Z,
4,CAPI,DUPLICATE,3c4871d4-8415-4029-8a69-5459d568534d,6954c568645767a06ea37172,2c92ee0a-b713-4593-9ad6-3452b39533a4,"694433f156275b9dd8347f64",N/A,"68fd1915d41841da463f0d46",2025-12-27T06:44:01.839Z,2025-12-27T06:49:02.622Z,300,Rejected,,audio/interviews/2025/12/fe351841-e3ab-4517-b2b0-a7c57da7df8f_1766890981703_interview_fe351841-e3ab-4517-b2b0-a7c57da7df8f_1766890981703.m4a,300,0,22.7756296,88.3969169,25,2025-12-31T06:40:40.120Z,0
5,CAPI,ORIGINAL,b376ed59-607f-421b-8f7f-69e5eb229fba,6954bca3573be4fa5928f08b,offline_1767160990079_yqol5tcro,"694433f156275b9dd8347f64",N/A,"68fd1915d41841da463f0d46",2025-12-27T07:21:08.790Z,2025-12-27T07:25:55.711Z,286,Pending_Approval,,audio/interviews/2025/12/3a75d021-074d-4732-b187-21cd4a475db4_1766891251926_interview_3a75d021-074d-4732-b187-21cd4a475db4_1766891251651.m4a,286,0,22.7756847,88.3969314,27,2025-12-31T06:03:15.156Z,
5,CAPI,DUPLICATE,36a14e6d-98db-4612-9a84-4fb62a8d78f0,6954cb1e50509d7bfd53f062,13146804-f0bc-498c-a324-ba700e454687,"694433f156275b9dd8347f64",N/A,"68fd1915d41841da463f0d46",2025-12-27T07:21:08.790Z,2025-12-27T07:25:55.711Z,286,Pending_Approval,,audio/interviews/2025/12/3a75d021-074d-4732-b187-21cd4a475db4_1766891251926_interview_3a75d021-074d-4732-b187-21cd4a475db4_1766891251651.m4a,286,0,22.7756847,88.3969314,27,2025-12-31T07:05:02.804Z,0
6,CAPI,ORIGINAL,a75ffb20-e52f-4dda-83e9-9da461ad96dd,6954c1517bfb0bacc4d6a27b,86d205e8-3b46-4340-8522-2b3c7ef35f58,"694904974550373277319c56",N/A,"68fd1915d41841da463f0d46",2025-12-29T12:16:32.326Z,2025-12-29T12:24:27.624Z,475,Pending_Approval,,audio/interviews/2025/12/a7d9c838-d31b-45ae-b4ca-bdab1929c3fd_1767011208819_interview_a7d9c838-d31b-45ae-b4ca-bdab1929c3fd_1767011208818.m4a,475,0,26.5433301,88.7133406,27,2025-12-31T06:23:13.716Z,
6,CAPI,DUPLICATE,51d71945-66ec-4909-9ca8-016d77417fbd,6954c381e8edc6b1b4d11142,654c1525-c48e-448a-8498-af464cb453f8,"694904974550373277319c56",N/A,"68fd1915d41841da463f0d46",2025-12-29T12:16:32.326Z,2025-12-29T12:24:27.624Z,475,Rejected,,audio/interviews/2025/12/a7d9c838-d31b-45ae-b4ca-bdab1929c3fd_1767011208819_interview_a7d9c838-d31b-45ae-b4ca-bdab1929c3fd_1767011208818.m4a,475,0,26.5433301,88.7133406,27,2025-12-31T06:32:33.485Z,0
7,CAPI,ORIGINAL,4dd3555d-3006-4821-aa35-da6634979dd1,695493aeea8852b690bf091a,97c6dbf0-f6a8-46b0-8209-0320b3016d3a,"6944331056275b9dd8300bad",N/A,"68fd1915d41841da463f0d46",2025-12-27T06:47:32.971Z,2025-12-27T06:52:08.275Z,275,Rejected,,audio/interviews/2025/12/0c9ab2f8-a32c-4f61-b544-ce683e360d28_1766819385803_interview_0c9ab2f8-a32c-4f61-b544-ce683e360d28_1766819385803.m4a,275,0,23.3134613,88.6709103,27,2025-12-31T03:08:30.650Z,
7,CAPI,DUPLICATE,9275af47-f03b-49af-b825-3cd459c79d0c,6954c13d51e722e79e9ec3e4,d3173c1d-77ba-47e1-90fa-152e3cce4f06,"6944331056275b9dd8300bad",N/A,"68fd1915d41841da463f0d46",2025-12-27T06:47:32.971Z,2025-12-27T06:52:08.275Z,275,Rejected,,audio/interviews/2025/12/0c9ab2f8-a32c-4f61-b544-ce683e360d28_1766819385803_interview_0c9ab2f8-a32c-4f61-b544-ce683e360d28_1766819385803.m4a,275,0,23.3134613,88.6709103,27,2025-12-31T06:22:53.568Z,0
7,CAPI,DUPLICATE,760968b8-d926-437d-a509-c42db391069c,6954c2cc8f3769dc892c20ab,6d6f8545-4d16-4e4f-99f7-7d553d4b1960,"6944331056275b9dd8300bad",N/A,"68fd1915d41841da463f0d46",2025-12-27T06:47:32.971Z,2025-12-27T06:52:08.275Z,275,Pending_Approval,,audio/interviews/2025/12/0c9ab2f8-a32c-4f61-b544-ce683e360d28_1766819385803_interview_0c9ab2f8-a32c-4f61-b544-ce683e360d28_1766819385803.m4a,275,0,23.3134613,88.6709103,27,2025-12-31T06:29:32.154Z,0
7,CAPI,DUPLICATE,9366b93f-65e0-4dc0-88c5-633449b59e86,6954c47de8edc6b1b4ea72e1,079aa6c5-58eb-4270-bb4c-02a68d55c607,"6944331056275b9dd8300bad",N/A,"68fd1915d41841da463f0d46",2025-12-27T06:47:32.971Z,2025-12-27T06:52:08.275Z,275,Rejected,,audio/interviews/2025/12/0c9ab2f8-a32c-4f61-b544-ce683e360d28_1766819385803_interview_0c9ab2f8-a32c-4f61-b544-ce683e360d28_1766819385803.m4a,275,0,23.3134613,88.6709103,27,2025-12-31T06:36:45.531Z,0
8,CAPI,ORIGINAL,21e6bda5-b573-4c4f-ba5f-74d95409654f,69549bfed66ccb917ff46940,661beaca-3893-44d5-9c63-a85153e31572,"6944331056275b9dd8300bad",N/A,"68fd1915d41841da463f0d46",2025-12-28T09:45:05.384Z,2025-12-28T09:49:07.424Z,242,Pending_Approval,,audio/interviews/2025/12/a32425f3-1bc8-4510-ba0a-31bbd88e35f0_1766915416874_interview_a32425f3-1bc8-4510-ba0a-31bbd88e35f0_1766915416874.m4a,242,0,23.2650089,88.5218349,27,2025-12-31T03:43:58.747Z,
8,CAPI,DUPLICATE,35f2c649-614e-4e9f-a3a2-f322b6d9c058,6954c4a6c6cdcba7da620488,7e939fd3-873f-4d58-a46d-7d2ed5bca906,"6944331056275b9dd8300bad",N/A,"68fd1915d41841da463f0d46",2025-12-28T09:45:05.384Z,2025-12-28T09:49:07.424Z,242,Rejected,,audio/interviews/2025/12/a32425f3-1bc8-4510-ba0a-31bbd88e35f0_1766915416874_interview_a32425f3-1bc8-4510-ba0a-31bbd88e35f0_1766915416874.m4a,242,0,23.2650089,88.5218349,27,2025-12-31T06:37:26.661Z,0
8,CAPI,DUPLICATE,2d96b5e3-5322-47cf-bbd6-054a403ff383,6954cb0970e6038df9fb4436,ddae779b-8588-4805-99b6-8efbed28097b,"6944331056275b9dd8300bad",N/A,"68fd1915d41841da463f0d46",2025-12-28T09:45:05.384Z,2025-12-28T09:49:07.424Z,242,Rejected,,audio/interviews/2025/12/a32425f3-1bc8-4510-ba0a-31bbd88e35f0_1766915416874_interview_a32425f3-1bc8-4510-ba0a-31bbd88e35f0_1766915416874.m4a,242,0,23.2650089,88.5218349,27,2025-12-31T07:04:41.791Z,0
9,CAPI,ORIGINAL,bbc8a56a-4e36-480c-8909-5d59c0f800d9,6954b385e37ee0599d3b272d,1b359cf4-2cd0-4ccc-bd74-c43428455487,"6944331056275b9dd8300bad",N/A,"68fd1915d41841da463f0d46",2025-12-28T09:50:42.331Z,2025-12-28T09:54:47.015Z,244,Pending_Approval,,audio/interviews/2025/12/ef98b134-b2ea-4a2d-a161-1e424d623af1_1766922254992_interview_ef98b134-b2ea-4a2d-a161-1e424d623af1_1766922254991.m4a,244,0,23.2649728,88.5218247,27,2025-12-31T05:24:21.201Z,
9,CAPI,DUPLICATE,db7aa597-b568-43d4-a699-2e1dac64f0ca,6954cb3b3ee3f879abb11e49,71be2995-342f-4fa4-96c1-3f67de3e0b2a,"6944331056275b9dd8300bad",N/A,"68fd1915d41841da463f0d46",2025-12-28T09:50:42.331Z,2025-12-28T09:54:47.015Z,244,Rejected,,audio/interviews/2025/12/ef98b134-b2ea-4a2d-a161-1e424d623af1_1766922254992_interview_ef98b134-b2ea-4a2d-a161-1e424d623af1_1766922254991.m4a,244,0,23.2649728,88.5218247,27,2025-12-31T07:05:31.611Z,0
10,CAPI,ORIGINAL,e6d3f878-dddc-4d6b-aa86-e6b5a85d6aac,69549ba53c9c5c6b38a625f4,offline_1767152547706_8ysel9bal,"6944336656275b9dd8329789",N/A,"68fd1915d41841da463f0d46",2025-12-29T06:27:29.192Z,2025-12-29T06:32:33.347Z,304,Rejected,,audio/interviews/2025/12/b8c44da6-6b7d-4441-8707-2ce9a554c3e7_1766990207561_interview_b8c44da6-6b7d-4441-8707-2ce9a554c3e7_1766990206946.m4a,304,0,22.8130967,87.0039623,27,2025-12-31T03:42:29.629Z,
10,CAPI,DUPLICATE,1328b59d-2a59-4d0d-bd72-a9448a05ef1f,6954c224810d8e60c3ab139a,cc4379d7-00c6-4a5f-84a4-d0e8fab4ddec,"6944336656275b9dd8329789",N/A,"68fd1915d41841da463f0d46",2025-12-29T06:27:29.192Z,2025-12-29T06:32:33.347Z,304,Pending_Approval,,audio/interviews/2025/12/b8c44da6-6b7d-4441-8707-2ce9a554c3e7_1766990207561_interview_b8c44da6-6b7d-4441-8707-2ce9a554c3e7_1766990206946.m4a,304,0,22.8130967,87.0039623,27,2025-12-31T06:26:44.247Z,0
10,CAPI,DUPLICATE,042e5f92-4cd0-47aa-9fe6-031a04ede5a6,6954c2ae70e6038df92643b2,ac85e990-7785-4a5c-9c13-ed51eb408ec7,"6944336656275b9dd8329789",N/A,"68fd1915d41841da463f0d46",2025-12-29T06:27:29.192Z,2025-12-29T06:32:33.347Z,304,Rejected,,audio/interviews/2025/12/b8c44da6-6b7d-4441-8707-2ce9a554c3e7_1766990207561_interview_b8c44da6-6b7d-4441-8707-2ce9a554c3e7_1766990206946.m4a,304,0,22.8130967,87.0039623,27,2025-12-31T06:29:02.740Z,0
11,CAPI,ORIGINAL,501dc2bf-774e-4244-99cf-9da627d72421,69549cab7c1d5d8177d5cf7d,9753d6c6-218a-4f5f-b613-f80b9be02c8a,"6944336656275b9dd8329789",N/A,"68fd1915d41841da463f0d46",2025-12-30T10:08:47.210Z,2025-12-30T10:13:55.611Z,308,Rejected,,audio/interviews/2025/12/f1036604-5dc4-4473-833b-14eea770ee18_1767090957941_interview_f1036604-5dc4-4473-833b-14eea770ee18_1767090957790.m4a,308,0,22.812462,87.0054616,27,2025-12-31T03:46:51.246Z,
11,CAPI,DUPLICATE,d98346b2-f944-4f15-92cc-0b13e60c9445,6954be3cf86f3a6acfe07e1c,offline_1767161403549_7j87p8qp4,"6944336656275b9dd8329789",N/A,"68fd1915d41841da463f0d46",2025-12-30T10:08:47.210Z,2025-12-30T10:13:55.611Z,308,Rejected,,audio/interviews/2025/12/f1036604-5dc4-4473-833b-14eea770ee18_1767090957941_interview_f1036604-5dc4-4473-833b-14eea770ee18_1767090957790.m4a,308,0,22.812462,87.0054616,27,2025-12-31T06:10:04.909Z,0
12,CAPI,ORIGINAL,d784ca50-d6cf-41a4-93e8-f9afe9fa15bd,69549f34d07a895696a26071,b80cabc0-1c7f-493f-88c2-0d047d6034eb,"6944332656275b9dd8304fe0",N/A,"68fd1915d41841da463f0d46",2025-12-28T07:29:31.314Z,2025-12-28T07:37:35.270Z,483,Pending_Approval,,audio/interviews/2025/12/f929db7d-584d-41a6-bc0a-7c4697ae3e1a_1766909054004_interview_f929db7d-584d-41a6-bc0a-7c4697ae3e1a_1766909054004.m4a,483,0,,,27,2025-12-31T03:57:40.263Z,
12,CAPI,DUPLICATE,dd114825-53f8-4cec-b167-a4d52bbcb201,6954beb392c7f3d14ae4145e,5f72baf7-c359-4740-a4c7-cda0ce0aa86b,"6944332656275b9dd8304fe0",N/A,"68fd1915d41841da463f0d46",2025-12-28T07:29:31.314Z,2025-12-28T07:37:35.270Z,483,Pending_Approval,,audio/interviews/2025/12/f929db7d-584d-41a6-bc0a-7c4697ae3e1a_1766909054004_interview_f929db7d-584d-41a6-bc0a-7c4697ae3e1a_1766909054004.m4a,483,0,,,27,2025-12-31T06:12:03.478Z,0
12,CAPI,DUPLICATE,b26898bf-af7e-425f-be6d-53458623f215,6954c1da810d8e60c39df043,978290d2-6ac7-4c38-a932-53ea06391074,"6944332656275b9dd8304fe0",N/A,"68fd1915d41841da463f0d46",2025-12-28T07:29:31.314Z,2025-12-28T07:37:35.270Z,483,Rejected,,audio/interviews/2025/12/f929db7d-584d-41a6-bc0a-7c4697ae3e1a_1766909054004_interview_f929db7d-584d-41a6-bc0a-7c4697ae3e1a_1766909054004.m4a,483,0,,,27,2025-12-31T06:25:30.602Z,0
13,CAPI,ORIGINAL,4f0cd97d-366b-4669-8756-f2a6caf5628e,6954a4e563bd5d8ec31533e1,72772fdf-a368-4bb9-823d-ac7d5f59f23a,"6942c442fe90bbe7745e92a4",N/A,"68fd1915d41841da463f0d46",2025-12-27T06:32:44.410Z,2025-12-27T06:39:03.089Z,378,Rejected,,audio/interviews/2025/12/20d49efd-d7de-442c-952a-efe733ae135e_1766982464868_interview_20d49efd-d7de-442c-952a-efe733ae135e_1766982464605.m4a,378,0,22.8545317,88.3926192,27,2025-12-31T04:21:57.729Z,
13,CAPI,DUPLICATE,5922365a-7d8f-42a5-a7ae-9d3ddbf3abb5,6954bf803d16bf52348eeb0d,d933c485-2b1a-4658-9b87-b4742a5372e7,"6942c442fe90bbe7745e92a4",N/A,"68fd1915d41841da463f0d46",2025-12-27T06:32:44.410Z,2025-12-27T06:39:03.089Z,378,Pending_Approval,,audio/interviews/2025/12/20d49efd-d7de-442c-952a-efe733ae135e_1766982464868_interview_20d49efd-d7de-442c-952a-efe733ae135e_1766982464605.m4a,378,0,22.8545317,88.3926192,27,2025-12-31T06:15:28.048Z,0
13,CAPI,DUPLICATE,872bf88f-5c40-47fc-a134-caa097939bd2,6954bff6aff0aeb99275bf3d,519e86f4-8c79-4d6c-80e7-506e3cbe21a3,"6942c442fe90bbe7745e92a4",N/A,"68fd1915d41841da463f0d46",2025-12-27T06:32:44.410Z,2025-12-27T06:39:03.089Z,378,Pending_Approval,,audio/interviews/2025/12/20d49efd-d7de-442c-952a-efe733ae135e_1766982464868_interview_20d49efd-d7de-442c-952a-efe733ae135e_1766982464605.m4a,378,0,22.8545317,88.3926192,27,2025-12-31T06:17:26.090Z,0
14,CAPI,ORIGINAL,89d9d7fa-7ad3-4f9e-96fc-193115b7bbab,6954bef792c7f3d14aefe125,1c9b6714-7419-4f30-8fa1-2c4d07405d3e,"6942c442fe90bbe7745e92a4",N/A,"68fd1915d41841da463f0d46",2025-12-27T07:04:23.289Z,2025-12-27T07:10:25.523Z,362,Pending_Approval,,audio/interviews/2025/12/875fdd01-88f3-4594-9b1d-a21fe87ef12c_1766987238893_interview_875fdd01-88f3-4594-9b1d-a21fe87ef12c_1766987238470.m4a,362,0,22.8550288,88.392962,27,2025-12-31T06:13:11.064Z,
14,CAPI,DUPLICATE,0de6286a-3aa8-4636-b94c-2b5fa256b10c,6954c2ee70e6038df93369df,aea26599-f28b-4f8e-bb1a-f666e0bdcc6f,"6942c442fe90bbe7745e92a4",N/A,"68fd1915d41841da463f0d46",2025-12-27T07:04:23.289Z,2025-12-27T07:10:25.523Z,362,Rejected,,audio/interviews/2025/12/875fdd01-88f3-4594-9b1d-a21fe87ef12c_1766987238893_interview_875fdd01-88f3-4594-9b1d-a21fe87ef12c_1766987238470.m4a,362,0,22.8550288,88.392962,27,2025-12-31T06:30:06.170Z,0
14,CAPI,DUPLICATE,d8775f7c-ee48-4f42-a8cd-51e4cbfa12cd,6954c2ffe8edc6b1b4b6aec2,0cdd8667-0e65-4ca5-8b5b-f2f69983f90f,"6942c442fe90bbe7745e92a4",N/A,"68fd1915d41841da463f0d46",2025-12-27T07:04:23.289Z,2025-12-27T07:10:25.523Z,362,Rejected,,audio/interviews/2025/12/875fdd01-88f3-4594-9b1d-a21fe87ef12c_1766987238893_interview_875fdd01-88f3-4594-9b1d-a21fe87ef12c_1766987238470.m4a,362,0,22.8550288,88.392962,27,2025-12-31T06:30:23.990Z,0
15,CAPI,ORIGINAL,3df2b5ef-285d-488a-af30-62ffbdb63978,6954bffa2d417de2731dea80,aad50d1e-4ca8-4ed2-bd16-568eb7c0f088,"6942c442fe90bbe7745e92a4",N/A,"68fd1915d41841da463f0d46",2025-12-27T07:36:23.179Z,2025-12-27T07:42:48.961Z,385,Pending_Approval,,audio/interviews/2025/12/f4ca52f7-ce15-4af2-80d7-885534a92069_1767072943652_interview_f4ca52f7-ce15-4af2-80d7-885534a92069_1767072942948.m4a,385,0,22.8559764,88.3938594,27,2025-12-31T06:17:30.356Z,
15,CAPI,DUPLICATE,1fb8c489-10d4-4f30-93da-23dee18708f7,6954c99ea28c576f03c51965,8ddca867-d3b5-4232-9705-d168a729aec9,"6942c442fe90bbe7745e92a4",N/A,"68fd1915d41841da463f0d46",2025-12-27T07:36:23.179Z,2025-12-27T07:42:48.961Z,385,Rejected,,audio/interviews/2025/12/f4ca52f7-ce15-4af2-80d7-885534a92069_1767072943652_interview_f4ca52f7-ce15-4af2-80d7-885534a92069_1767072942948.m4a,385,0,22.8559764,88.3938594,27,2025-12-31T06:58:38.545Z,0
16,CAPI,ORIGINAL,1e0f3ea7-1c3f-451b-bc01-857a592e5014,6954bec1c20fae2a0947c0e4,19750c32-9ba4-49ae-b107-9e531db0a285,"694948d26baa1685cc30c653",N/A,"68fd1915d41841da463f0d46",2025-12-31T06:02:44.233Z,2025-12-31T06:08:31.403Z,347,Pending_Approval,,audio/interviews/2025/12/04357ff9-a2b0-4dba-bad6-e11d6037896e_1767161475286_interview_04357ff9-a2b0-4dba-bad6-e11d6037896e_1767161475286.m4a,347,0,21.8538483,87.5475533,27,2025-12-31T06:12:17.396Z,
16,CAPI,DUPLICATE,0c70c302-2abd-4f06-b475-f1b60a4e2b2e,6954bf3f613f4d1e120d95ab,99d20f31-2704-484d-be55-11326f485913,"694948d26baa1685cc30c653",N/A,"68fd1915d41841da463f0d46",2025-12-31T06:02:44.233Z,2025-12-31T06:08:31.403Z,347,Pending_Approval,,audio/interviews/2025/12/04357ff9-a2b0-4dba-bad6-e11d6037896e_1767161475286_interview_04357ff9-a2b0-4dba-bad6-e11d6037896e_1767161475286.m4a,347,0,21.8538483,87.5475533,27,2025-12-31T06:14:23.943Z,0
16,CAPI,DUPLICATE,f5b3bed0-d160-4281-9b5f-14b1cfcbba32,6954bfa4ad95e668d2103e2a,6fb8400c-8690-40be-928a-cc4674e7e9b6,"694948d26baa1685cc30c653",N/A,"68fd1915d41841da463f0d46",2025-12-31T06:02:44.233Z,2025-12-31T06:08:31.403Z,347,Rejected,,audio/interviews/2025/12/04357ff9-a2b0-4dba-bad6-e11d6037896e_1767161475286_interview_04357ff9-a2b0-4dba-bad6-e11d6037896e_1767161475286.m4a,347,0,21.8538483,87.5475533,27,2025-12-31T06:16:04.230Z,0
17,CAPI,ORIGINAL,a3fa6fcb-7b23-4326-ae63-54f1e89b1a12,6954a6fa90c0ab726045bc4d,7459f746-55d9-4f1d-b0a4-180524333724,"6942c3e9fe90bbe7745d6739",N/A,"68fd1915d41841da463f0d46",2025-12-30T07:09:04.513Z,2025-12-30T07:16:02.764Z,418,Pending_Approval,,No audio,0,0,22.0417333,87.5222117,27,2025-12-31T04:30:50.210Z,
17,CAPI,DUPLICATE,cff2a92d-c22c-44c0-a267-062e0f9d4590,6954bdd992c7f3d14acb38ed,4e8cefb2-d4ea-48bd-85a3-5b43efe9f0e4,"6942c3e9fe90bbe7745d6739",N/A,"68fd1915d41841da463f0d46",2025-12-30T07:09:04.513Z,2025-12-30T07:16:02.764Z,418,Rejected,,No audio,0,0,22.0417333,87.5222117,27,2025-12-31T06:08:25.815Z,0
18,CAPI,ORIGINAL,2244ce84-cccd-4556-9dc2-e029d824380a,6954aaf5d183853cda273841,offline_1767155816958_zkhz0i747,"6942c3e9fe90bbe7745d6739",N/A,"68fd1915d41841da463f0d46",2025-12-30T08:17:14.059Z,2025-12-30T08:23:12.118Z,358,Pending_Approval,,No audio,0,0,22.0418517,87.522165,27,2025-12-31T04:47:49.143Z,
18,CAPI,DUPLICATE,ab8c48ca-c6a8-4d71-adab-0a37c0a8cc0a,6954bfb1ac0236ae66d991e0,4683b82a-6f65-4f2a-a360-8d185cb3edd8,"6942c3e9fe90bbe7745d6739",N/A,"68fd1915d41841da463f0d46",2025-12-30T08:17:14.059Z,2025-12-30T08:23:12.118Z,358,Rejected,,No audio,0,0,22.0418517,87.522165,27,2025-12-31T06:16:17.324Z,0
19,CAPI,ORIGINAL,b6b1756d-d356-450e-bff8-76a6da702583,6954ad4905ec163f6e6a724d,965a520f-aa7d-4801-8701-8af5d0df144a,"6942c3e9fe90bbe7745d6739",N/A,"68fd1915d41841da463f0d46",2025-12-30T08:32:32.995Z,2025-12-30T08:39:54.243Z,441,Pending_Approval,,No audio,0,0,22.0415917,87.5225883,27,2025-12-31T04:57:45.712Z,
19,CAPI,DUPLICATE,93cdbd12-c561-4895-b02f-eebe89598ea8,6954c1154affc1479cd5060c,2794977f-9ad8-474f-94de-650a6c790038,"6942c3e9fe90bbe7745d6739",N/A,"68fd1915d41841da463f0d46",2025-12-30T08:32:32.995Z,2025-12-30T08:39:54.243Z,441,Pending_Approval,,No audio,0,0,22.0415917,87.5225883,27,2025-12-31T06:22:13.353Z,0
20,CAPI,ORIGINAL,a8dfcb20-6ef9-48dc-843c-93a84cd7a7fa,6954aebbf3fedf338508fb2d,1991f219-2cc8-4294-b9af-22e03433110a,"6942c3e9fe90bbe7745d6739",N/A,"68fd1915d41841da463f0d46",2025-12-30T08:46:54.115Z,2025-12-30T08:53:26.791Z,392,Pending_Approval,,No audio,0,0,22.0416531,87.5222216,27,2025-12-31T05:03:55.486Z,
20,CAPI,DUPLICATE,dde02875-e12c-4014-bb59-13d230118acc,6954c1ad70e6038df90b89e9,737dbf62-3c27-48dd-87aa-53339e4aba3f,"6942c3e9fe90bbe7745d6739",N/A,"68fd1915d41841da463f0d46",2025-12-30T08:46:54.115Z,2025-12-30T08:53:26.791Z,392,Rejected,,No audio,0,0,22.0416531,87.5222216,27,2025-12-31T06:24:45.136Z,0
21,CAPI,ORIGINAL,5e3f624c-58ac-42a3-9327-12446288801b,6954b0733f2772344e9a82b5,f070a174-bce3-4d40-845e-6cfb033817d2,"6944337e56275b9dd832deaf",N/A,"68fd1915d41841da463f0d46",2025-12-23T09:39:25.847Z,2025-12-23T09:44:52.296Z,326,Pending_Approval,,audio/interviews/2025/12/ee3de43f-fbce-4085-a585-1644a09fc55c_1766487994610_interview_ee3de43f-fbce-4085-a585-1644a09fc55c_1766487994610.m4a,326,0,23.67179,86.9709517,27,2025-12-31T05:11:15.286Z,
21,CAPI,DUPLICATE,38e0f316-8315-4eb1-973f-5abe09d6bd13,6954bd49aac94ba48652f2b7,88e1c756-2d53-4098-a451-6dfc48c21dd8,"6944337e56275b9dd832deaf",N/A,"68fd1915d41841da463f0d46",2025-12-23T09:39:25.847Z,2025-12-23T09:44:52.296Z,326,Pending_Approval,,audio/interviews/2025/12/ee3de43f-fbce-4085-a585-1644a09fc55c_1766487994610_interview_ee3de43f-fbce-4085-a585-1644a09fc55c_1766487994610.m4a,326,0,23.67179,86.9709517,27,2025-12-31T06:06:01.761Z,0
21,CAPI,DUPLICATE,4617abc6-dce8-4ba4-8ff0-9ff55c0ac059,6954bfc4aff0aeb99268d79f,f241b477-ae2b-4feb-8636-3e818e26f17b,"6944337e56275b9dd832deaf",N/A,"68fd1915d41841da463f0d46",2025-12-23T09:39:25.847Z,2025-12-23T09:44:52.296Z,326,Rejected,,audio/interviews/2025/12/ee3de43f-fbce-4085-a585-1644a09fc55c_1766487994610_interview_ee3de43f-fbce-4085-a585-1644a09fc55c_1766487994610.m4a,326,0,23.67179,86.9709517,27,2025-12-31T06:16:36.615Z,0
22,CAPI,ORIGINAL,603d57b7-33c1-4dc8-97b7-52386edfcbde,6954b9bfdc261c0499050a64,offline_1767160117416_1ipb88vdz,"694bb4409cf18db6a8a168fa",N/A,"68fd1915d41841da463f0d46",2025-12-31T05:40:10.772Z,2025-12-31T05:48:15.788Z,485,Pending_Approval,,No audio,0,0,26.4924333,88.6512583,27,2025-12-31T05:50:55.635Z,
22,CAPI,DUPLICATE,ecce20b8-a3aa-44fa-99cc-2cfeb49ca619,6954be87c20fae2a093ac919,daf025c6-a751-48e7-89a8-3804cf089ca6,"694bb4409cf18db6a8a168fa",N/A,"68fd1915d41841da463f0d46",2025-12-31T05:40:10.772Z,2025-12-31T05:48:15.788Z,485,Rejected,,No audio,0,0,26.4924333,88.6512583,27,2025-12-31T06:11:19.799Z,0
23,CAPI,ORIGINAL,f477f328-6ae5-4585-b401-2479a72a954a,6954b38005599fc416bbb145,7b9c95d9-43b3-43f0-800b-f0a280f5ef09,"694432eb56275b9dd82f771b",N/A,"68fd1915d41841da463f0d46",2025-12-29T11:02:16.712Z,2025-12-29T11:06:50.154Z,273,Pending_Approval,,audio/interviews/2025/12/f4d6836b-c6a9-4652-befb-ba6b961973f6_1767010226323_interview_f4d6836b-c6a9-4652-befb-ba6b961973f6_1767010225782.m4a,273,0,25.1657849,88.39155199999999,27,2025-12-31T05:24:16.505Z,
23,CAPI,DUPLICATE,97b83723-e725-41e3-9f10-231f37533f41,6954c35a332850a6c440d714,5d8b77d5-44be-41fe-b77c-9ea046b3855e,"694432eb56275b9dd82f771b",N/A,"68fd1915d41841da463f0d46",2025-12-29T11:02:16.712Z,2025-12-29T11:06:50.154Z,273,Rejected,,audio/interviews/2025/12/f4d6836b-c6a9-4652-befb-ba6b961973f6_1767010226323_interview_f4d6836b-c6a9-4652-befb-ba6b961973f6_1767010225782.m4a,273,0,25.1657849,88.39155199999999,27,2025-12-31T06:31:54.494Z,0
24,CAPI,ORIGINAL,c5fb989e-6f91-4582-bdf4-febd3edc559a,6954bb0a238fb84a59ffbabf,2d23c6a6-5092-44e2-af87-981372cfb46d,"694432eb56275b9dd82f771b",N/A,"68fd1915d41841da463f0d46",2025-12-29T11:31:51.140Z,2025-12-29T11:35:54.033Z,242,Pending_Approval,,audio/interviews/2025/12/2142a0b0-3c21-4e1f-b928-aaf5966cd1db_1767071339549_interview_2142a0b0-3c21-4e1f-b928-aaf5966cd1db_1767071339209.m4a,242,0,25.1657849,88.39155199999999,27,2025-12-31T05:56:26.775Z,
24,CAPI,DUPLICATE,a4eac544-9a3d-46e9-a8c7-5ea2b93a97fb,6954c39f332850a6c44e0c74,4728c784-bcb2-4ac3-9b0a-a33f6a5490c6,"694432eb56275b9dd82f771b",N/A,"68fd1915d41841da463f0d46",2025-12-29T11:31:51.140Z,2025-12-29T11:35:54.033Z,242,Pending_Approval,,audio/interviews/2025/12/2142a0b0-3c21-4e1f-b928-aaf5966cd1db_1767071339549_interview_2142a0b0-3c21-4e1f-b928-aaf5966cd1db_1767071339209.m4a,242,0,25.1657849,88.39155199999999,27,2025-12-31T06:33:03.233Z,0
25,CAPI,ORIGINAL,daf359e3-72f4-4032-89da-b831e3b3e940,6954c36f7057be7b53d76c6a,1d389a01-3c72-45bd-9efb-15fb613a0120,"6949051d4550373277375cb2",N/A,"68fd1915d41841da463f0d46",2025-12-26T11:35:42.102Z,2025-12-26T11:42:33.325Z,411,Pending_Approval,,audio/interviews/2025/12/379d6173-5135-4eb4-91d2-38984d9f01d2_1767067538718_interview_379d6173-5135-4eb4-91d2-38984d9f01d2_1767067537615.m4a,411,0,26.5502678,88.7144473,27,2025-12-31T06:32:15.982Z,
25,CAPI,DUPLICATE,8689a43f-3f3c-4c0a-93f6-8099b0f443bd,6954c3f0c6cdcba7da54c683,277e12b1-d2b8-4393-9993-d56923d9a8f5,"6949051d4550373277375cb2",N/A,"68fd1915d41841da463f0d46",2025-12-26T11:35:42.102Z,2025-12-26T11:42:33.325Z,411,Rejected,,audio/interviews/2025/12/379d6173-5135-4eb4-91d2-38984d9f01d2_1767067538718_interview_379d6173-5135-4eb4-91d2-38984d9f01d2_1767067537615.m4a,411,0,26.5502678,88.7144473,27,2025-12-31T06:34:24.868Z,0
26,CAPI,ORIGINAL,1376f873-1c08-4d08-8802-d722aef51aa5,6954c55dc6cdcba7da7b537d,ebaa4b59-632a-469d-9b3b-61eaa86aa941,"6944338a56275b9dd83302d5",N/A,"68fd1915d41841da463f0d46",2025-12-30T07:36:59.439Z,2025-12-30T07:43:46.090Z,406,Pending_Approval,,audio/interviews/2025/12/f8a18fb3-0442-4662-95e9-8ba89705b2b7_1767117079211_interview_f8a18fb3-0442-4662-95e9-8ba89705b2b7_1767117078906.m4a,406,0,23.0114874,88.4117636,27,2025-12-31T06:40:29.401Z,
26,CAPI,DUPLICATE,c97d30cf-510f-4595-b29d-26da7b1709ee,6954c580c6cdcba7da7b8dd0,29a3deb2-4ad4-4c09-8e07-97c1fc5f0273,"6944338a56275b9dd83302d5",N/A,"68fd1915d41841da463f0d46",2025-12-30T07:36:59.439Z,2025-12-30T07:43:46.090Z,406,Pending_Approval,,audio/interviews/2025/12/f8a18fb3-0442-4662-95e9-8ba89705b2b7_1767117079211_interview_f8a18fb3-0442-4662-95e9-8ba89705b2b7_1767117078906.m4a,406,0,23.0114874,88.4117636,27,2025-12-31T06:41:04.536Z,0